Geographical Areas;Countries;locode;Ports;Containers full 20';Containers full 40';Containers empty 20';Containers empty 40';TEUS;Containerised Cargo;Conventional Cargo;Solid Bulk;Liquid Bulk;TOTAL;lon;lat
West Africa;Angola;AOLAD;Luanda;0,00;0,00;0,00;0,00;0,00;0,00;1052,61;0,00;0,00;1052,61;13.541230019798377;-12.3700085257492
West Africa;Benin;BJCOO;Cotonou;92,00;99,00;0,00;0,00;290,00;3630,13;1717,26;0,00;0,00;5347,39;-1.5266696149164432;12.372261836543373
West Africa;Cameroon;CMDLA;Douala;391,00;331,00;0,00;0,00;1053,00;15738,52;926,58;0,00;0,00;16665,10;11.880039427343831;-4.7700073050156675
West Africa;Congo;CGPNR;Pointe Noire;0,00;0,00;0,00;0,00;0,00;0,00;3019,64;0,00;0,00;3019,64;-6.639967083146814;4.770418110061598
West Africa;Gabon;GALBV;Libreville;0,00;0,00;0,00;0,00;0,00;0,00;2057,58;0,00;0,00;2057,58;9.457965045823698;0.3853886097185182
West Africa;Gambia;GMBJL;Banjul;0,00;0,00;0,00;0,00;0,00;0,00;75,00;0,00;0,00;75,00;0.022164446828043555;5.623227011061987
West Africa;Ghana;GHTKD;Takoradi;69,00;394,00;0,00;0,00;857,00;7183,46;733,07;0,00;0,00;7916,53;-1.7433817795071167;4.884793346965341
West Africa;Ghana;GHTEM;Tema;598,00;746,00;4,00;0,00;2094,00;22939,38;6495,44;0,00;0,00;29434,82;-16.591701489212596;13.45387646031594
West Africa;Guinea;GNCKY;Conakry;30,00;12,00;0,00;0,00;54,00;811,08;1012,47;0,00;0,00;1823,55;-13.682180886123945;9.53346870502179
West Africa;Ivory coast;CIABJ;Abidjan;567,00;507,00;0,00;53,00;1687,00;19176,24;6083,68;0,00;0,00;25259,92;9.769987344002061;1.8700008330317814
West Africa;Ivory coast;CISPY;San Pedro;530,00;2360,00;2,00;0,00;5252,00;55113,60;0,00;0,00;0,00;55113,60;8.783277545821136;3.750015278026183
West Africa;Liberia;LRMLW;Monrovia;0,00;0,00;0,00;0,00;0,00;0,00;64,30;0,00;0,00;64,30;-10.799660436775923;6.314581647160139
West Africa;Nigeria;NGAPP;Apapa;104,00;157,00;0,00;0,00;418,00;4674,44;0,00;0,00;0,00;4674,44;3.3745476485943335;6.4513374482672265
West Africa;Nigeria;NGLOS;Lagos;1665,00;1315,00;0,00;30,00;4355,00;57597,85;30124,76;0,00;0,00;87722,61;3.3895852125984334;6.445207512093191
West Africa;Nigeria;NGTIN;Tincan;742,00;1912,00;0,00;0,00;4566,00;47004,93;0,00;0,00;0,00;47004,93;3.349546801756169;6.431721036237442
West Africa;Senegal;SNDKR;Dakar;1396,00;2204,00;1,00;25,00;5855,00;64427,32;7569,47;0,00;0,00;71996,79;-17.47507598705056;14.717777583623274
West Africa;Sierra leone;SLFNA;Freetown;0,00;0,00;0,00;0,00;0,00;0,00;221,75;0,00;0,00;221,75;6.733325153234773;0.3334021188329075
West Africa;Togo;TGLFW;Lomè;238,00;612,00;0,00;0,00;1462,00;15758,28;9399,04;0,00;0,00;25157,32;1.22081126074562;6.133882930268385
West Africa;Zaire;ZRBOA;Boma;0,00;0,00;0,00;0,00;0,00;0,00;191,03;0,00;0,00;191,03;13.049993854431932;-5.829994284186569
East Africa;Djibouti;DJJIB;Djibouti;1444,00;1754,00;2,00;0,00;4954,00;53029,05;12800,62;0,00;0,00;65829,67;39.4500361722458;15.610118224037251
East Africa;Eritrea;ERMSW;Massawa;9,00;5,00;0,00;0,00;19,00;218,41;0,00;0,00;0,00;218,41;38.69805857534868;9.035256221295754
East Africa;Kenya;KEMBA;Mombasa;2083,00;579,00;0,00;4,00;3249,00;57986,58;4149,41;0,00;0,00;62135,99;43.240244098693324;-11.70415769566847
East Africa;Mozambique;MZMPM;Maputo;153,00;240,00;0,00;34,00;701,00;6564,34;697,08;0,00;0,00;7261,42;40.66698505643243;-14.543563428477633
East Africa;Mozambique;MZMNC;Nacala;53,00;94,00;0,00;0,00;241,00;3023,33;0,00;0,00;0,00;3023,33;32.58721710397009;-25.953331628778983
East Africa;Seychelles;SCPOV;Port Victoria;0,00;0,00;0,00;0,00;0,00;0,00;130,00;0,00;0,00;130,00;55.44998978559113;-4.6166316539734
East Africa;Somalia;SOMGQ;Mogadishu;42,00;3,00;0,00;0,00;48,00;426,88;0,00;0,00;0,00;426,88;45.33957;2.04545
East Africa;South Africa;ZACPT;Cape Town;60,00;15,00;0,00;0,00;90,00;1552,18;0,00;0,00;0,00;1552,18;37.21642573929415;19.61579103492562
East Africa;South Africa;ZADUR;Durban;1061,00;1530,00;3,00;0,00;4124,00;45089,14;4081,48;0,00;0,00;49170,62;39.26639597769457;-6.798066736124383
East Africa;South Africa;ZAJNB;Johannesburg/dbn;4,00;0,00;0,00;0,00;4,00;71,88;0,00;0,00;0,00;71,88;39.0900064684684;-5.070040670902188
East Africa;Sudan;SDPZU;Port Sudan;134,00;112,00;0,00;0,00;358,00;3902,49;2014,39;0,00;0,00;5916,88;28.028063865019476;-26.16809888138414
East Africa;Tanzania;TZDAR;Dar es Salaam;501,00;268,00;0,00;0,00;1037,00;15344,84;1772,23;0,00;0,00;17117,07;25.598082989358886;-33.96808789508731
East Africa;Tanzania;TZZNZ;Zanzibar;4,00;1,00;0,00;0,00;6,00;77,11;0,00;0,00;0,00;77,11;25.69389389261687;-33.80399782044552
North Africa;Algeria;DZALG;Alger;2803,00;3963,00;2,00;1,00;10733,00;122354,68;570,46;0,00;159737,00;282662,14;7.759980833577401;36.920006122885525
North Africa;Algeria;DZAAE;Annaba;22,00;18,00;0,00;0,00;58,00;758,56;0,00;6948,00;0,00;7706,56;3.048606670909237;36.765010656628135
North Africa;Algeria;DZBJA;Bejaia;176,00;171,00;370,00;0,00;888,00;7327,44;569,59;0,00;0,00;7897,03;5.070015827056295;36.760377623535874
North Africa;Algeria;DZGHA;Ghazaouet;25,00;1337,00;0,00;0,00;2699,00;34977,84;0,00;0,00;0,00;34977,84;-1.8634403450510535;35.09737024712251
North Africa;Algeria;DZMOS;Mostaganem;5,00;0,00;0,00;0,00;5,00;30,12;2913,37;0,00;0,00;2943,49;0.0936;35.9287
North Africa;Algeria;DZORN;Oran;218,00;190,00;0,00;0,00;598,00;7727,80;0,00;3573,00;0,00;11300,80;-0.6219186383503938;35.71194831938408
North Africa;Algeria;DZSKI;Skikda;16,00;37,00;0,00;0,00;90,00;974,24;1517,61;0,00;0,00;2491,85;6.89998164737608;36.880421975749925
North Africa;Egypt;EGDEK;Dekhalia;0,00;0,00;0,00;0,00;0,00;0,00;1010,04;0,00;0,00;1010,04;29.8065;31.1209
North Africa;Egypt;EGSUZ;Suez;0,00;0,00;0,00;0,00;0,00;0,00;44,57;0,00;0,00;44,57;29.948050030391755;31.201965205759393
North Africa;Egypt;EGALY;Alexandria;4867,00;5190,00;26,00;61,00;15395,00;181190,12;4157,58;0,00;39775,00;225122,70;31.820010944350713;31.42039349265508
North Africa;Egypt;EGDAM;Damietta;1101,00;1669,00;100,00;235,00;5009,00;62601,01;50,20;0,00;0,00;62651,21;32.290008096045256;31.259989846821156
North Africa;Egypt;EG003;El Dekheila;0,00;0,00;0,00;0,00;0,00;0,00;1366,70;0,00;0,00;1366,70;0.0936;35.9287
North Africa;Egypt;EGPSD;Port Said;196,00;451,00;57,00;118,00;1391,00;12938,22;2943,12;0,00;0,00;15881,34;32.35796500115251;31.211902281926072
North Africa;Egypt;EGPSE;Port Said East;2132,00;5364,00;102,00;145,00;13252,00;149660,01;0,00;0,00;0,00;149660,01;32.549940550473366;30.004976012180805
North Africa;Libya;LYKHO;AL Khums;0,00;10,00;0,00;0,00;20,00;136,77;29857,73;0,00;0,00;29994,50;20.06477732527412;32.11867927640111
North Africa;Libya;LYBEN;Bingazi;451,00;263,00;0,00;0,00;977,00;14559,97;0,00;0,00;0,00;14559,97;14.259997516546093;32.66042116193097
North Africa;Libya;LYMRA;Misurata;1289,00;1613,00;0,00;6,00;4527,00;49795,86;21233,67;0,00;0,00;71029,53;15.099997923450474;32.379973163882994
North Africa;Libya;LYTIP;Tripoli;2332,00;1989,00;13,00;8,00;6339,00;83928,22;9017,73;0,00;0,00;92945,95;13.180011758078194;32.89250001935369
North Africa;Libya;LYZAW;Zawia Terminal;0,00;0,00;0,00;0,00;0,00;0,00;13377,00;0,00;0,00;13377,00;12.7224;32.7706
North Africa;Libya;LYZUA;Zuara;0,00;0,00;0,00;0,00;0,00;0,00;13223,14;0,00;0,00;13223,14;12.0789;32.9313
North Africa;Morocco;MAPTM;Tangier Med;2302,00;2207,00;0,00;4,00;6724,00;82051,64;78765,20;0,00;0,00;160816,84;-9.620043580554693;30.439988219213717
North Africa;Morocco;MACAS;Casablanca;1454,00;2137,00;0,00;0,00;5728,00;68188,50;2031,02;0,00;0,00;70219,52;-5.497257979191192;35.89345236724475
North Africa;Tunisia;TNBIZ;Bizerta;0,00;0,00;0,00;0,00;0,00;0,00;0,00;0,00;28325,00;28325,00;9.8801;37.2744
North Africa;Tunisia;TNLGN;La Goulette;0,00;0,00;0,00;0,00;0,00;0,00;3185,72;0,00;0,00;3185,72;10.3033;36.8092
North Africa;Tunisia;TNLSK;La Skhirra;0,00;0,00;0,00;0,00;0,00;0,00;0,00;0,00;93835,00;93835,00;10.165443129007427;34.334289475857354
North Africa;Tunisia;TNRDS;Rades;2650,00;1873,00;181,00;14,00;6605,00;93387,55;417010,10;0,00;0,00;510397,65;10.283419707583414;36.777928574818056
North Africa;Tunisia;TNTUN;Tunis;2414,00;2356,00;0,00;6,00;7138,00;98613,92;215297,71;0,00;0,00;313911,63;10.179678099212026;36.80277813623144
Central America;Costa Rica;CRMOB;Puerto Moin;205,00;214,00;9,00;632,00;1906,00;9936,28;0,00;0,00;0,00;9936,28;-83.07598;9.9990885
Central America;Cuba;CUHAV;Havana;684,00;858,00;0,00;26,00;2452,00;26973,91;0,00;0,00;0,00;26973,91;-82.3658562;23.1379911
Central America;Cuba;CUSCU;Santiago de Cuba;106,00;80,00;0,00;0,00;266,00;3889,63;0,00;0,00;0,00;3889,63;-75.828995;20.028893
Central America;Dominican Republic;DOCAU;Caucedo;423,00;311,00;16,00;49,00;1159,00;12828,40;0,00;0,00;0,00;12828,40;-69.644923;18.4147841
Central America;Dominican Republic;DOHAI;Haina;0,00;0,00;0,00;0,00;0,00;0,00;238,25;0,00;0,00;238,25;-70.0192112;18.4200029
Central America;Guadaloupe;GPPTP;Pointe a Pitre;808,00;591,00;0,00;0,00;1990,00;25612,83;0,00;0,00;0,00;25612,83;-61.5334077;16.2408636
Central America;Guatemala;GTSTC;Santo Tomas de Castilla;0,00;0,00;0,00;0,00;0,00;0,00;5191,55;0,00;0,00;5191,55;-88.6111324;15.6867134
Central America;Jamaica;JMKIN;Kingston ;1354,00;3355,00;73,00;0,00;8137,00;95445,51;0,00;0,00;0,00;95445,51;-76.7928128;17.9712148
Central America;Martinique;MQFDF;Fort de France;638,00;721,00;0,00;0,00;2080,00;23453,53;0,00;0,00;0,00;23453,53;-61.0767677;14.6037193
Central America;Mexico;MXATM;Altamira ;886,00;2807,00;0,00;7,00;6514,00;61845,79;0,00;0,00;0,00;61845,79;-97.9299915;22.4061839
Central America;Mexico;MXZLO;Manzanillo;128,00;132,00;0,00;7,00;406,00;4429,51;0,00;0,00;0,00;4429,51;-104.3159957;19.0506256
Central America;Mexico;MXPGO;Progreso;5,00;7,00;0,00;0,00;19,00;134,94;0,00;0,00;0,00;134,94;-89.6638354;21.2839331
Central America;Mexico;MXTAM;Tampico;0,00;0,00;0,00;0,00;0,00;0,00;171,33;0,00;0,00;171,33;-97.8520;22.2324
Central America;Mexico;MXVER;Veracruz;1757,00;3334,00;7,00;15,00;8462,00;95702,66;3918,00;0,00;0,00;99620,66;-96.1385688;19.2002198
Central America;Panama;PAMAN;Manzanillo ;954,00;1428,00;4,00;2,00;3818,00;38577,63;0,00;0,00;0,00;38577,63;-104.3159957;19.0506256
North America;Bermuda;BMBDA;Hamilton;1,00;13,00;0,00;0,00;27,00;284,61;0,00;0,00;0,00;284,61;-64.7827441;32.2953461
North America;Canada;CAHAL;Halifax;938,00;2367,00;0,00;8,00;5688,00;73975,44;0,00;0,00;0,00;73975,44;-63.5749724;44.6484246
North America;Canada;CAVAN;Vancouver;279,00;1014,00;0,00;5,00;2317,00;31684,24;0,00;0,00;0,00;31684,24;-122.6744557;45.6306954
North America;Canada;CAMTR;Montreal;3874,00;11082,00;0,00;93,00;26224,00;278924,87;0,00;0,00;0,00;278924,87;-73.5912827;45.5224507
North America;Canada;CATOR;Toronto;39,00;80,00;0,00;0,00;199,00;2401,89;0,00;0,00;0,00;2401,89;-79.3849008;43.6529206
North America;United States of America;USPAB;Palm Beach;0,00;0,00;0,00;0,00;0,00;0,00;901,00;0,00;0,00;901,00;-80.03647;26.705565
North America;United States of America;USPEF;Port Everglades;843,00;1924,00;0,00;6,00;4703,00;56976,33;903,88;0,00;0,00;57880,21;-80.1272606;26.0968524
North America;United States of America;USSAV;Savannah;3719,00;8261,00;0,00;16,00;20273,00;220634,03;857,66;0,00;0,00;221491,69;-81.0998342;32.0835407
North America;United States of America;USPBI;West Palm Beach;0,00;0,00;0,00;0,00;0,00;0,00;405,55;0,00;0,00;405,55;-80.0533746;26.7153425
North America;United States of America;USCDE;Camden;0,00;0,00;0,00;0,00;0,00;0,00;0,00;4941,00;0,00;4941,00;-75.1198;39.9460
North America;United States of America;USNYC;New York;5319,00;17387,00;0,00;32,00;40157,00;430384,28;0,00;0,00;0,00;430384,28;-73.9865812;40.7305991
North America;United States of America;USEWR;Newark;1248,00;5513,00;0,00;0,00;12274,00;140313,45;0,00;0,00;0,00;140313,45;-74.1728;40.7355
North America;United States of America;USORF;Norfolk;3090,00;7610,00;1,00;9,00;18329,00;207973,06;0,00;0,00;0,00;207973,06;-76.2904;36.9100
North America;United States of America;USHOU;Houston;3193,00;3704,00;8,00;13,00;10635,00;135647,75;1507,01;0,00;0,00;137154,76;-95.36591;29.75799
North America;United States of America;USMOB;Mobile;0,00;0,00;0,00;0,00;0,00;0,00;397,00;0,00;0,00;397,00;-88.04386;30.69520
North America;United States of America;USMSY;New Orleans;366,00;231,00;0,00;0,00;828,00;12423,13;807,77;0,00;0,00;13230,90;-90.0694;29.9478
North America;United States of America;USLAX;Los Angeles;1421,00;3849,00;0,00;0,00;9119,00;113405,63;0,00;0,00;0,00;113405,63;-118.2427025;34.0536781
North America;United States of America;USOAK;Oakland;377,00;2680,00;0,00;0,00;5737,00;68806,58;0,00;0,00;0,00;68806,58;-122.2703;37.8037
North America;United States of America;USPDX;Portland (West Coast);101,00;185,00;3,00;0,00;474,00;5493,26;0,00;0,00;0,00;5493,26;-122.6723;45.5205
North America;United States of America;USTIW;Tacoma, wa;81,00;251,00;0,00;0,00;583,00;6609,65;0,00;0,00;0,00;6609,65;-122.4371;47.2507
South America;Argentina;ARBUE;Buenos Aires;3361,00;5701,00;1,00;92,00;14948,00;162087,08;530,36;0,00;0,00;162617,44;-58,3994772323314;-34,6005557499074
South America;Argentina;ARZAE;Zarate;0,00;0,00;0,00;0,00;0,00;0,00;641,71;0,00;0,00;641,71;-59,0400244564034;-34,0895613415913
South America;Brazil;BRITJ;Itajai;19,00;55,00;0,00;0,00;129,00;1253,81;0,00;0,00;0,00;1253,81;-48,6800108251771;-26,8996126110938
South America;Brazil;BRIOA;Itapora;126,00;123,00;0,00;2,00;376,00;4747,45;0,00;0,00;0,00;4747,45;-54,7962672900258;-22,0837988462616
South America;Brazil;BRMCZ;Maceio;0,00;0,00;0,00;0,00;0,00;0,00;477,11;0,00;0,00;477,11;-35.7332;-9.6472
South America;Brazil;BRNVT;Navegantes;993,00;1575,00;0,00;1153,00;6449,00;51842,88;0,00;0,00;0,00;51842,88;-48,6476951239658;-26,8892552590553
South America;Brazil;BRPNG;Paranagua;84,00;110,00;0,00;0,00;304,00;3899,55;321,40;0,00;0,00;4220,95;-48,5344534527007;-25,5278755587356
South America;Brazil;BRRIO;Rio de Janeiro;2498,00;9815,00;4,00;26,00;22184,00;221591,84;891,97;0,00;0,00;222483,81;-43,2269666528437;-22,923077315616
South America;Brazil;BRRIG;Rio Grande;1130,00;1167,00;2,00;5,00;3476,00;41552,08;0,00;0,00;0,00;41552,08;-52,1200075699825;-32,0494791475728
South America;Brazil;BRSSZ;Santos;6859,00;10358,00;11,00;63,00;27712,00;333322,83;1758,33;0,00;0,00;335081,16;-46,3348885150959;-23,9517780748548
South America;Brazil;BRSUA;Suape;651,00;1282,00;0,00;3,00;3221,00;36398,27;0,00;0,00;0,00;36398,27;-34,9590909832525;-8,3602590504091
South America;Brazil;BRVIX;Vitoria;0,00;1,00;0,00;0,00;2,00;26,82;402,13;0,00;0,00;428,95;-40,3679421980796;-20,3220474490691
South America;Chile;CLVAP;Valparaiso;0,00;0,00;0,00;0,00;0,00;0,00;405,32;0,00;0,00;405,32;-71,6229594914989;-33,0458186079742
South America;Colombia;COPNM;Puerto Limon;3,00;0,00;0,00;0,00;3,00;15,12;0,00;0,00;0,00;15,12;-83,0333402930879;10,0000213815668
South America;Colombia;COCTG;Cartagena ;4523,00;4764,00;0,00;11,00;14073,00;165784,33;2135,65;0,00;0,00;167919,98;-75,5163394150172;10,4016844439575
South America;Ecuador;ECGYE;Guayaquil;1,00;0,00;0,00;0,00;1,00;15,92;0,00;0,00;0,00;15,92;-79,9219878118445;-2,21808789496015
South America;Paraguay;PYASU;Asuncion;0,00;0,00;0,00;0,00;0,00;0,00;12,00;0,00;0,00;12,00;-57,6434510279013;-25,2944571170577
South America;Peru;PECLL;Callao;1,00;0,00;0,00;0,00;1,00;12,13;0,00;0,00;0,00;12,13;-77,1349664730773;-12,0700268362948
South America;Uruguay;UYMVD;Montevideo;837,00;1182,00;9,00;163,00;3536,00;34671,68;458,73;0,00;0,00;35130,41;-56,172998147036;-34,8560957075907
South America;Venezuela;VELAG;La Guaira;387,00;710,00;0,00;0,00;1807,00;14805,82;1880,87;0,00;0,00;16686,69;-66,9397540770238;10,59992319069
South America;Venezuela;VEPBL;Puerto Cabello;0,00;1,00;0,00;0,00;2,00;24,63;238,25;0,00;0,00;262,88;-68,1700098080024;10,4704319447199
Far East;China;CNYAN;Chefoo;10,00;28,00;0,00;0,00;66,00;656,26;0,00;0,00;0,00;656,26;121.389463;37.5340488
Far East;China;CNCWN;Chiwan (Shenzhen);2,00;0,00;0,00;0,00;2,00;32,03;0,00;0,00;0,00;32,03;113.88285;22.48350
Far East;China;CNDLC;Dalian;0,00;0,00;0,00;0,00;0,00;0,00;1171,54;0,00;0,00;1171,54;121.6105997;38.9105358
Far East;China;HKHKG;Hong Kong;8411,00;12350,00;504,00;1439,00;36493,00;407186,49;2105,00;0,00;0,00;409291,49;114.1849161;22.350627
Far East;China;CNNKG;Nanjing;0,00;0,00;0,00;0,00;0,00;0,00;923,02;0,00;0,00;923,02;118.7912987;32.0607476
Far East;China;CNNSA;Nansha;205,00;4276,00;12,00;53,00;8875,00;124225,95;0,00;0,00;0,00;124225,95;102.8382958;23.2198512
Far East;China;CNNBO;Ningbo;464,00;1081,00;3196,00;2091,00;10004,00;50921,23;0,00;0,00;0,00;50921,23;121.549887;29.8720259
Far East;China;CNTAO;Qingdao;470,00;1066,00;2366,00;1705,00;8378,00;40104,68;0,00;0,00;0,00;40104,68;120.3497193;36.0895093
Far East;China;CNSHA;Shanghai;6023,00;13607,00;3120,00;4164,00;44685,00;412990,94;3055,99;0,00;0,00;416046,93;121.4888922;31.2253441
Far East;China;CNSHU;Shekou (Shenzhen);49,00;1978,00;0,00;1,00;4007,00;55981,97;0,00;0,00;0,00;55981,97;114.3485226;30.7153173
Far East;China;CNTXG;Tianjinxingang;0,00;0,00;0,00;0,00;0,00;0,00;1276,58;0,00;0,00;1276,58;117.1980785;39.1235635
Far East;China;CNXMN;Xiamen (Xian);1029,00;1027,00;333,00;886,00;5188,00;55251,81;0,00;0,00;0,00;55251,81;118.1355644;24.497442
Far East;China;CNXGG;Xingang ;0,00;0,00;0,00;0,00;0,00;0,00;1147,16;0,00;0,00;1147,16;117.7433;38.9788
Far East;China;CNYYT;Yantian (Shenzhen);0,00;3,00;0,00;0,00;6,00;66,16;0,00;0,00;0,00;66,16; 114.37429;27.365936
Far East;China;CNYTI;Yantian Huangdong;132,00;209,00;29,00;110,00;799,00;8168,87;0,00;0,00;0,00;8168,87;114.2734;22.5863
Far East;Indonesia;IDJKT;Jakarta, Java;0,00;0,00;0,00;0,00;0,00;0,00;3461,67;0,00;0,00;3461,67;106.8271436;-6.1753167
Far East;Malaysia;MYPKG;Port Kelang;7532,00;7055,00;291,00;288,00;22509,00;281255,54;291,10;0,00;0,00;281546,64;101,301754958323;2,9422080003955
Far East;Malaysia;MYTPP;Tanjong Pelepas;0,00;0,00;0,00;1,00;2,00;5,05;0,00;0,00;0,00;5,05;103,545713679279;1,3570015300596
Far East;Myanmar;MMRGN;Yangon;0,00;17,00;0,00;0,00;34,00;322,66;105,00;0,00;0,00;427,66;96,1647317526619;16,7852999631888
Far East;Philippines;PHMNL;Manila;0,00;0,00;0,00;0,00;0,00;0,00;252,69;0,00;0,00;252,69;120,980271303542;14,6061048134405
Far East;Singapore;SGSIN;Singapore;22356,00;23632,00;814,00;1396,00;73226,00;925393,80;3464,73;0,00;2625,00;931483,53;103,853874819099;1,29497932510594
Far East;South Korea;KRPUS;Busan (Pusan);6373,00;8924,00;507,00;738,00;26204,00;284742,09;0,00;0,00;0,00;284742,09;129,00810170722;35,0969987751109
Far East;Taiwan;TWKHH;Kaohsiung;2289,00;1743,00;21,00;32,00;5860,00;74309,01;0,00;0,00;0,00;74309,01;120,266601928;22,6333071075
Far East;Thailand;THLMC;Laem Chabang;0,00;0,00;0,00;0,00;0,00;0,00;1289,00;0,00;0,00;1289,00;100,9152266;13,0970555
Far East;Thailand;THHKT;Phuket;0,00;0,00;0,00;0,00;0,00;0,00;316,00;0,00;0,00;316,00;98.39107;7.88833
Far East;Vietnam;VNHPH;Haiphong;0,00;0,00;0,00;0,00;0,00;0,00;138,00;0,00;0,00;138,00;106,678146873147;20,8319521848845
Far East;Vietnam;VNSGN;Ho Chi Minh City;0,00;0,00;0,00;0,00;0,00;0,00;103,00;0,00;0,00;103,00;106,693081362079;10,7819713091934
India and Pakistan;Bangladesh;BDCGP;Chittagong;0,00;0,00;0,00;0,00;0,00;0,00;330,76;0,00;0,00;330,76;91.8412863;22.3307998
India and Pakistan;India;INCLC;Calicut;0,00;0,00;0,00;0,00;0,00;0,00;1213,85;0,00;0,00;1213,85;75.77734;11.24659
India and Pakistan;India;INHZR;Hazira;0,00;0,00;0,00;0,00;0,00;0,00;976,00;0,00;0,00;976,00;72.6572;21.1140
India and Pakistan;India;INNSA;Jawaharlal Neru (Nhava Sheva);3178,00;4142,00;5,00;1,00;11469,00;131964,10;0,00;0,00;0,00;131964,10;72.9530;18.9537
India and Pakistan;India;INIXY;Kandla;0,00;0,00;0,00;0,00;0,00;0,00;1332,38;0,00;0,00;1332,38;70.2096164;23.0177525
India and Pakistan;India;INCCU;Kolkata (Calcutta);2,00;0,00;0,00;0,00;2,00;29,40;0,00;0,00;0,00;29,40;88.3462999;22.568746
India and Pakistan;India;INMAA;Madras (Cennai);0,00;0,00;0,00;0,00;0,00;0,00;1424,00;0,00;0,00;1424,00;80.281807;13.0804251
India and Pakistan;India;INBOM;Mumbay;0,00;0,00;0,00;0,00;0,00;0,00;3713,65;0,00;0,00;3713,65;72.8327112;18.9523804
India and Pakistan;Pakistan;PKKHI;Karachi;83,00;93,00;0,00;0,00;269,00;3217,12;0,00;0,00;0,00;3217,12;67.031789;24.8741557
India and Pakistan;Pakistan;PKBQM;Muhammad Bin Qasim;522,00;448,00;0,00;0,00;1418,00;17354,41;0,00;0,00;0,00;17354,41;67.3352;24.7855
India and Pakistan;Sri Lanka;LKCMB;Colombo;0,00;0,00;0,00;0,00;0,00;0,00;100,00;0,00;0,00;100,00;79.8532704;6.934287
Middle East;Bahrain;BHBAH;Bahrain;26,00;22,00;0,00;0,00;70,00;827,55;0,00;0,00;0,00;827,55;50.6831;26.2033
Middle East;Iran;IRBND;Bandar Abbas;2717,00;4184,00;0,00;0,00;11085,00;138984,92;103,10;0,00;0,00;139088,02;56.2766447;27.1781213
Middle East;Iraq;IQUQR;Umm Qasr;125,00;226,00;0,00;0,00;577,00;6376,71;0,00;0,00;0,00;6376,71;47.9338959;30.0470025
Middle East;Israel;ILASH;Ashdod;3251,00;3696,00;5,00;0,00;10648,00;105374,78;44,00;1994,00;0,00;107412,78;34.6463;31.7981
Middle East;Israel;ILHFA;Haifa;1856,00;2356,00;95,00;92,00;6847,00;77312,78;0,00;0,00;3150,00;80462,78;34.9983856;32.8191218
Middle East;Jordan;JOAQB;Aqaba;2682,00;1603,00;10,00;0,00;5898,00;81736,91;2740,60;0,00;0,00;84477,51;35.0028;29.5292
Middle East;Jordan;JOAQJ;Aqaba (El Aqaba);2,00;8,00;0,00;0,00;18,00;163,13;0,00;0,00;0,00;163,13;35.0028;29.5292
Middle East;Kuwait;KWKWI;Kuwait;32,00;66,00;0,00;0,00;164,00;1602,50;3015,43;0,00;0,00;4617,93;47.9735629;29.3797091
Middle East;Kuwait;KWSAA;Shuaiba;4,00;5,00;0,00;0,00;14,00;150,04;0,00;0,00;0,00;150,04;48.1604;29.0574
Middle East;Kuwait;KWSWK;Shuwaikh;38,00;74,00;0,00;0,00;186,00;2229,91;0,00;0,00;0,00;2229,91;47.9345;29.3486
Middle East;Lebanon;LBBEY;Beirut;1601,00;965,00;1,00;9,00;3550,00;45614,48;330,97;0,00;0,00;45945,45;35.47843;33.8959203
Middle East;Lebanon;LBKYE;Tripoli in Lebanon;0,00;0,00;0,00;0,00;0,00;0,00;0,00;0,00;33002,00;33002,00;35.8172;34.4497
Middle East;Oman;OMMCT;Muscat;17,00;58,00;0,00;0,00;133,00;1007,84;0,00;0,00;0,00;1007,84;58.5938278;23.6123504
Middle East;Oman;OMOPQ;Port Qaboos;17,00;13,00;0,00;0,00;43,00;487,97;0,00;0,00;0,00;487,97;58.5692;23.6296
Middle East;Oman;OMSLL;Salalah;522,00;334,00;0,00;6,00;1202,00;15805,61;0,00;0,00;0,00;15805,61;54.0957066;17.0148202
Middle East;Oman;OMSOH;Sohar;5,00;28,00;0,00;0,00;61,00;761,42;0,00;0,00;34952,00;35713,42;56.7424766;24.3445577
Middle East;Qatar;QADOH;Doha;138,00;314,00;0,00;0,00;766,00;7728,30;0,00;0,00;0,00;7728,30;51.5268371;25.2852523
Middle East;Qatar;QAFLF;Ras Laffan;0,00;0,00;0,00;0,00;0,00;0,00;173,00;0,00;0,00;173,00;51.5331527;25.8976567
Middle East;Saudi Arabia;SAJUB;Al Jubail;1,00;1,00;0,00;0,00;3,00;14,86;185,00;0,00;0,00;199,86;49.6904;27.0294
Middle East;Saudi Arabia;SADMN;Damman;2,00;2,00;0,00;2,00;10,00;79,53;5988,77;0,00;0,00;6068,30;50.1571;26.4740
Middle East;Saudi Arabia;SAGIZ;Gizan;0,00;0,00;0,00;0,00;0,00;0,00;0,00;0,00;68940,00;68940,00;42.5569;16.8992
Middle East;Saudi Arabia;SAJED;Jeddah;7202,00;10826,00;28,00;11,00;28904,00;347778,64;33345,05;0,00;0,00;381123,69;39.1640396;21.5822247
Middle East;Syria;SYLTK;Latakia;0,00;2,00;0,00;0,00;4,00;38,00;0,00;0,00;0,00;38,00;35.7781044; 35.5200185
Middle East;Turkey;TRERE;Eregli, Zonguldak;0,00;0,00;0,00;0,00;0,00;0,00;0,00;0,00;26784,00;26784,00;31.42145;41.27971
Middle East;Turkey;TRALI;Aliaga;75,00;119,00;0,00;0,00;313,00;4169,83;0,00;2536,00;0,00;6705,83;26.9741667;38.7994444
Middle East;Turkey;TRAMB;Ambarli;352,00;858,00;0,00;0,00;2068,00;27140,44;0,00;0,00;0,00;27140,44;28.7083094;40.9774555
Middle East;Turkey;TRDIK;Dikili, Izmir;0,00;0,00;0,00;0,00;0,00;0,00;248,79;0,00;0,00;248,79;26.88795;39.07205
Middle East;Turkey;TREYP;Evyan Port/Kocaeli;67,00;153,00;0,00;0,00;373,00;4473,75;0,00;0,00;0,00;4473,75;29.9369;40.7567
Middle East;Turkey;TRFET;Fethiye, Mugla;0,00;0,00;0,00;0,00;0,00;0,00;0,00;0,00;1050,00;1050,00;29.11627;36.62138
Middle East;Turkey;TRGBZ;Gebze;1302,00;2305,00;2,00;0,00;5914,00;70320,48;0,00;0,00;0,00;70320,48;29.431767;40.8006696
Middle East;Turkey;TRGEM;Gemlik, Bursa;946,00;4345,00;6,00;57,00;9756,00;100239,19;0,00;11224,00;0,00;111463,19;29.1570698;40.4301652
Middle East;Turkey;TRHAY;Haydarpasa, Istanbul;55,00;84,00;0,00;0,00;223,00;3329,62;0,00;0,00;0,00;3329,62;29.0193229;40.9965638
Middle East;Turkey;TRISK;Iskenderun, Hatay;1,00;8,00;0,00;0,00;17,00;201,39;975,00;0,00;0,00;1176,39;36.1748446;36.57806
Middle East;Turkey;TRIST;Istanbul;2072,00;2510,00;14,00;52,00;7210,00;88538,63;0,00;0,00;27290,00;115828,63;28.9651646;41.0096334
Middle East;Turkey;TRIZM;Izmir;616,00;897,00;108,00;16,00;2550,00;29149,52;461,00;3889,00;0,00;33499,52;27.144474;38.4153421
Middle East;Turkey;TRMER;Mersin, Icel;324,00;264,00;0,00;7,00;866,00;12577,85;15,00;0,00;0,00;12592,85;34.630542;36.81275
Middle East;United Arab Emirates;AEAUH;Abu Dhabi;231,00;459,00;2,00;4,00;1159,00;12781,27;8584,87;0,00;0,00;21366,14;54.3705762;24.4747961
Middle East;United Arab Emirates;AEAJM;Ajman;3,00;0,00;0,00;0,00;3,00;57,21;363,00;0,00;0,00;420,21;55.4451432;25.3936557
Middle East;United Arab Emirates;AEDXB;Dubai;5,00;0,00;0,00;0,00;5,00;98,00;0,00;0,00;0,00;98,00;55.2961931;25.2683528
Middle East;United Arab Emirates;AEFJR;Fujairah;13,00;1,00;0,00;0,00;15,00;286,35;0,00;0,00;0,00;286,35;56.3436798;25.1253869
Middle East;United Arab Emirates;AEJEA;Jebel Ali;12362,00;17108,00;82,00;13,00;46686,00;563259,98;11998,92;0,00;30987,00;606245,90;55.0910256;24.9774785
Middle East;United Arab Emirates;AEKLF;Khor al Fakkan;2538,00;5639,00;200,00;5,00;14026,00;157857,98;0,00;0,00;0,00;157857,98;56.3458033;25.3570227
Middle East;United Arab Emirates;AEKHL;Mina Khalifa/Abu Dhabi;0,00;0,00;0,00;0,00;0,00;0,00;81,00;0,00;0,00;81,00;54.3781;24.5236
Middle East;United Arab Emirates;AESHJ;Sharjah;34,00;85,00;0,00;0,00;204,00;1943,01;0,00;0,00;0,00;1943,01;55.3895321;25.3585432
Middle East;Yemen;YEHOD;Hodeidah;62,00;154,00;0,00;0,00;370,00;4165,20;0,00;0,00;0,00;4165,20;42.9741;14.7600
Europe;Belgium;BEANR;Antwerpen;0,00;0,00;0,00;0,00;0,00;0,00;58,00;0,00;4200,00;4258,00;4.3997081;51.2211097
Europe;Belgium;BEGNE;Ghent;0,00;0,00;0,00;0,00;0,00;0,00;0,00;8339,00;0,00;8339,00;3.7251141;51.053772
Europe;Belgium;BEZEE;Zeebrugge;0,00;0,00;0,00;0,00;0,00;0,00;126,00;0,00;0,00;126,00;3.2082431;51.3316389
Europe;Cyprus;CYLMS;Limassol;224,00;162,00;2,00;0,00;550,00;5257,30;0,00;0,00;0,00;5257,30;33.042341;34.6735637
Europe;Denmark;DKCPH;Kobenhavn;0,00;0,00;0,00;0,00;0,00;0,00;187,24;0,00;0,00;187,24;12.57018;55.68676
Europe;Finland;FIKAS;Kaskinen;0,00;0,00;0,00;0,00;0,00;0,00;0,00;0,00;4353,00;4353,00;21.2229123;62.385127
Europe;France;FRLEH;Le Havre;1,00;0,00;0,00;30,00;61,00;142,76;65,00;0,00;0,00;207,76;0.107907;49.4936
Europe;France;FRSWD;St. Wandrille-Rancom;0,00;0,00;0,00;0,00;0,00;0,00;0,00;7365,00;0,00;7365,00;0.7670404;49.5274704
Europe;France;FRBIA;Bastia;0,00;0,00;0,00;0,00;0,00;0,00;32508,75;0,00;0,00;32508,75;9.452542;42.7065505
Europe;France;FRFOS;Fos-sur-Mer;302,00;522,00;4066,00;353,00;6118,00;23954,21;0,00;70118,00;13242,00;107314,21;4.945595;43.4380714
Europe;France;FRLAV;Lavera;0,00;0,00;0,00;0,00;0,00;0,00;0,00;1409,00;3930,00;5339,00;5.0255983;43.3929469
Europe;France;FRLIO;Lyon;0,00;0,00;0,00;0,00;0,00;0,00;0,00;5689,00;0,00;5689,00;4.8323239;45.7575958
Europe;France;FRMRS;Marseille;1267,00;1781,00;619,00;389,00;6226,00;58582,57;60,24;0,00;0,00;58642,81;5.3699525;43.2961743
Europe;France;FRPDB;Port de Bouc;0,00;0,00;0,00;0,00;0,00;0,00;0,00;0,00;58799,00;58799,00;4.9844;43.4019
Europe;Germany;DEBRE;Bremen;0,00;0,00;0,00;0,00;0,00;0,00;101,00;0,00;0,00;101,00;8.8054;53.0766
Europe;Germany;DEBRV;Bremerhaven;0,00;0,00;0,00;0,00;0,00;0,00;35,00;0,00;0,00;35,00; 8.5865509;53.5522264
Europe;Germany;DEBRB;Brunsbuettel;0,00;0,00;0,00;0,00;0,00;0,00;0,00;6583,00;27903,00;34486,00;9.1415908;53.897012
Europe;Germany;DEHAM;Hamburg;713,00;1102,00;9,00;149,00;3224,00;42654,91;148,30;0,00;0,00;42803,21;10.000654;53.5503414
Europe;Gibilterra;GIGIB;Gibraltar;0,00;0,00;0,00;0,00;0,00;0,00;0,00;0,00;12573,00;12573,00;-5.3484848;36.1451465
Europe;Gr. Britain;GBBRS;Bristol;0,00;0,00;0,00;0,00;0,00;0,00;161,00;0,00;0,00;161,00;-2.5952658;51.4556994
Europe;Gr. Britain;GBGTN;Garston;0,00;0,00;0,00;0,00;0,00;0,00;0,00;2888,00;0,00;2888,00;-2.8998;53.3513
Europe;Gr. Britain;GBSOU;Southampton;0,00;0,00;0,00;0,00;0,00;0,00;249,50;0,00;0,00;249,50; -1.4041996;50.9035305
Europe;Gr. Britain;GBTIL;Tilbury;53,00;59,00;0,00;1,00;173,00;2649,88;0,00;14816,00;0,00;17465,88;0.3643896;51.4631174
Europe;Greece;GRAGT;Agioi Theodoroi;0,00;0,00;0,00;0,00;0,00;0,00;0,00;0,00;30018,00;30018,00;23.1439;37.9258
Europe;Greece;GR020;Eleftheres;0,00;0,00;0,00;0,00;0,00;0,00;0,00;3576,00;0,00;3576,00;24.3034666;40.8383629
Europe;Greece;GREEU;Eleusis;0,00;0,00;0,00;0,00;0,00;0,00;0,00;3003,00;0,00;3003,00;23.5348663;38.047608
Europe;Greece;GRPIR;Piraeus;1064,00;677,00;27,00;26,00;2497,00;39167,12;0,00;0,00;0,00;39167,12;23.6486215;37.9441517
Europe;Greece;GRSKG;Thessaloniki;0,00;0,00;0,00;0,00;0,00;0,00;0,00;2595,00;0,00;2595,00;22.9352716;40.6403167
Europe;Malta;MTMLA;Malta;2690,00;2687,00;101,00;206,00;8577,00;112588,00;1977,06;0,00;83358,00;197923,06;14.5133638;35.8987593
Europe;Malta;MT001;Marsaxlokk;3,00;17,00;0,00;0,00;37,00;467,65;0,00;0,00;9849,00;10316,65; 14.5441482;35.8418502
Europe;Netherlands;NLAMS;Amsterdam;0,00;0,00;0,00;0,00;0,00;0,00;90,00;0,00;0,00;90,00;4.9001115;52.3710088
Europe;Netherlands;NLIJM;Ijmuiden;0,00;0,00;0,00;0,00;0,00;0,00;0,00;0,00;35981,00;35981,00;4.61044;52.45726
Europe;Netherlands;NLRTM;Rotterdam;40,00;137,00;33,00;334,00;1015,00;5236,21;45,00;7246,00;46931,00;59458,21;4.4631678;51.9228924
Europe;Netherlands;NLSCI;Schiedam;0,00;0,00;0,00;0,00;0,00;0,00;519,50;0,00;0,00;519,50;4.40217;51.91713
Europe;Portugal;PTAVE;Aveiro;0,00;0,00;0,00;0,00;0,00;0,00;0,00;6477,00;0,00;6477,00;-8.6537146;40.6411635
Europe;Portugal;PTLEI;Leixoes;0,00;0,00;0,00;0,00;0,00;0,00;0,00;0,00;2100,00;2100,00;-8.68459;41.19025
Europe;Portugal;PTLIS;Lisboa;31,00;30,00;45,00;61,00;258,00;1486,25;0,00;0,00;0,00;1486,25;-9.1393644;38.7138026
Europe;Portugal;PTSET;Setubal;40,00;90,00;0,00;60,00;340,00;2806,92;0,00;35736,00;0,00;38542,92;-8.8933165;38.5245129
Europe;Spain;ESCEU;Ceuta;0,00;0,00;0,00;0,00;0,00;0,00;1194,48;0,00;0,00;1194,48;-5.3041384;35.8883614
Europe;Spain;ESSDR;Santander;0,00;0,00;0,00;0,00;0,00;0,00;137,00;0,00;0,00;137,00;-3.8101067;43.4623102
Europe;Spain;ESALG;Algeciras;7767,00;11603,00;41,00;142,00;31298,00;411876,09;0,00;0,00;31905,00;443781,09;-5.4487055;36.1310804
Europe;Spain;ESAPM;Almoines;33,00;45,00;0,00;0,00;123,00;1767,26;0,00;0,00;0,00;1767,26;-0.18087;38.94353
Europe;Spain;ESBCN;Barcelona;1345,00;1576,00;1151,00;1564,00;8776,00;66844,97;45379,70;105077,00;62960,00;280261,67;2.1700437;41.3870186
Europe;Spain;ESCAS;Castellon de La Plana;15,00;3,00;851,00;13,00;898,00;2405,14;59,00;0,00;2625,00;5089,14;-0.0374353;39.9859953
Europe;Spain;ESLPA;Las Palmas;3741,00;5592,00;1,00;10,00;14946,00;166118,21;0,00;0,00;2100,00;168218,21;-15.4350514;28.1287799
Europe;Spain;ESAGP;Malaga;0,00;0,00;0,00;0,00;0,00;0,00;0,00;0,00;808,00;808,00;-4.421041;36.7210805
Europe;Spain;ESSAG;Sagunto;0,00;0,00;0,00;0,00;0,00;0,00;0,00;12533,00;0,00;12533,00;-0.2774146;39.6791712
Europe;Spain;ESSCT;Santa Cruz de Tenerife;12,00;17,00;0,00;0,00;46,00;402,85;0,00;0,00;0,00;402,85;-16.2536378;28.4597823
Europe;Spain;ESTAR;Tarragona;7,00;1,00;4,00;0,00;13,00;215,47;0,00;10596,00;3293,00;14104,47;1.2546057;41.1172364
Europe;Spain;ESTCI;Tenerife;3,00;13,00;0,00;0,00;29,00;317,42;0,00;0,00;0,00;317,42;-16.7555;28.3159
Europe;Spain;ESVLC;Valencia;2347,00;2742,00;7140,00;621,00;16213,00;109429,88;0,00;0,00;32740,00;142169,88;-0.3759513;39.4699014
Europe;Sweden;SENRK;Norrkoping;0,00;0,00;0,00;0,00;0,00;0,00;0,00;0,00;27129,00;27129,00;16.19054;58.59102
Georgia, Russia, Ukraine;Russia;RUVVO;Vladivostok;1,00;0,00;0,00;0,00;1,00;6,50;0,00;0,00;0,00;6,50;131.8931;43.1175
Georgia, Russia, Ukraine;Russia;RULED;St. Petersburg ;0,00;0,00;0,00;0,00;0,00;0,00;707,03;0,00;0,00;707,03;30.3153628;59.9393657
Italy;Italy;ITATX;Arbatax;0,00;0,00;0,00;0,00;0,00;0,00;5896,84;0,00;0,00;5896,84;9.7077252;39.9354242
Italy;Italy;ITAUG;Augusta;0,00;0,00;0,00;0,00;0,00;0,00;0,00;0,00;138561,00;138561,00;15.2196575;37.2369363
Italy;Italy;ITBDS;Brindisi;0,00;0,00;0,00;0,00;0,00;0,00;0,00;0,00;22979,00;22979,00;17.941611;40.6327065
Italy;Italy;ITCAG;Cagliari;755,00;968,00;0,00;0,00;2691,00;30547,90;0,00;0,00;7864,00;38411,90;9.1169358;39.2225376
Italy;Italy;ITCTA;Catania;67,00;42,00;0,00;0,00;151,00;2583,11;613885,83;0,00;0,00;616468,94;15.0871114;37.5026081
Italy;Italy;ITCVV;Civitavecchia;0,00;0,00;0,00;0,00;0,00;0,00;847,00;0,00;9313,00;10160,00;11.79875;42.09882
Italy;Italy;IT099;Corigliano Calabro;0,00;0,00;0,00;0,00;0,00;0,00;0,00;0,00;23816,00;23816,00;16.51770;39.59617
Italy;Italy;ITFCO;Fiumicino;0,00;0,00;0,00;0,00;0,00;0,00;0,00;0,00;29953,00;29953,00;12.23392;41.76774
Italy;Italy;ITGAE;Gaeta;0,00;0,00;0,00;0,00;0,00;0,00;0,00;0,00;41008,00;41008,00;13.56281;41.218312
Italy;Italy;ITGIT;Gioia Tauro;3284,00;5220,00;55,00;2,00;13783,00;156784,67;0,00;0,00;0,00;156784,67;15.898995;38.423974
Italy;Italy;ITSPE;La Spezia;866,00;343,00;164,00;11,00;1738,00;25344,48;0,00;0,00;69345,00;94689,48;9.8282255;44.107033
Italy;Italy;ITLIV;Livorno;177,00;187,00;125,00;29,00;734,00;8210,90;0,00;0,00;287371,00;295581,90;10.3160295;43.5426309
Italy;Italy;ITMDC;Marina di Carrara;0,00;0,00;0,00;0,00;0,00;0,00;632,50;0,00;0,00;632,50;10.0450141;44.0388351
Italy;Italy;ITMLZ;Milazzo;0,00;0,00;0,00;0,00;0,00;0,00;0,00;0,00;59624,00;59624,00;15.2411962;38.220833
Italy;Italy;ITNAP;Napoli;1826,00;1791,00;420,00;443,00;6714,00;82908,04;86,18;0,00;47680,00;130674,22;14.2492569;40.8516128
Italy;Italy;ITOLB;Olbia;0,00;0,00;0,00;0,00;0,00;0,00;216247,20;0,00;0,00;216247,20;9.4994397;40.9240543
Italy;Italy;IT888;Other Italian ports;0,00;0,00;1,00;0,00;1,00;2,00;26,00;0,00;0,00;28,00;;
Italy;Italy;ITPMO;Palermo;24,00;0,00;0,00;22,00;68,00;543,52;1436787,18;0,00;0,00;1437330,70;13.335745;38.111051
Italy;Italy;ITPEM;Porto Empedocle;0,00;0,00;0,00;0,00;0,00;0,00;0,00;0,00;11333,00;11333,00;13.526358;37.293438
Italy;Italy;ITPFX;Porto Foxi;0,00;0,00;0,00;0,00;0,00;0,00;0,00;0,00;81344,00;81344,00;9.0293;39.0797
Italy;Italy;ITPMA;Porto Marghera;0,00;0,00;0,00;0,00;0,00;0,00;260,00;0,00;10061,00;10321,00;12.2243298;45.4755731
Italy;Italy;ITPTO;Porto Torres;0,00;0,00;0,00;0,00;0,00;0,00;656253,01;0,00;6258,00;662511,01;8.4031462;40.8344403
Italy;Italy;ITPRI;Priolo;0,00;0,00;0,00;0,00;0,00;0,00;0,00;0,00;1950,00;1950,00;15.2032;37.1723
Italy;Italy;ITRAN;Ravenna;0,00;0,00;0,00;0,00;0,00;0,00;0,00;0,00;9237,00;9237,00;12.20374;44.41682
Italy;Italy;ITSAL;Salerno;691,00;287,00;261,00;117,00;1760,00;23079,45;112,27;0,00;0,00;23191,72;14.7657547;40.6779781
Italy;Italy;ITSVN;Savona-Vado;0,00;0,00;0,00;0,00;0,00;0,00;0,00;0,00;57254,00;57254,00;8.4810276;44.3078775
Italy;Italy;ITTAR;Taranto;0,00;0,00;0,00;0,00;0,00;0,00;0,00;38919,00;0,00;38919,00;17.2432278;40.4712427
Italy;Italy;ITTRS;Trieste;0,00;0,00;0,00;0,00;0,00;0,00;0,00;0,00;42425,00;42425,00;13.7706559;45.6500335
Italy;Italy;ITVDL;Vado Ligure;0,00;0,00;0,00;0,00;0,00;0,00;0,00;0,00;57687,00;57687,00;8.4381663;44.2713924
Italy;Italy;ITVCE;Venezia;0,00;0,00;0,00;0,00;0,00;0,00;0,00;0,00;32988,00;32988,00;12.318564;45.4384143
Oceania ;Australia;AUADL;Adelaide;481,00;243,00;0,00;1,00;969,00;9737,74;0,00;0,00;0,00;9737,74;138.599899;-34.9274284
Oceania ;Australia;AUFRE;Fremantle ;1095,00;590,00;0,00;6,00;2287,00;25965,93;0,00;0,00;0,00;25965,93;115.7461693;-32.0558714
Oceania ;Australia;AUMEL;Melbourne;3435,00;3094,00;0,00;17,00;9657,00;88133,22;21,00;0,00;0,00;88154,22;144.9631608;-37.8142176
Oceania ;Australia;AUSYD;Sydney;2964,00;3299,00;0,00;5,00;9572,00;86686,84;46,00;0,00;0,00;86732,84;151.2164539;33.8548157
Oceania ;New Zealand;NZAKL;Auckland;2,00;0,00;0,00;0,00;2,00;42,20;0,00;0,00;0,00;42,20;174.7655514;-36.8534665
Not specified;Not specified;UNKNW;Not specified;91,00;84,00;3055,00;1185,00;5684,00;13963,40;64559,73;0,00;0,00;78523,13;;
