"locode"	"lon"	"lat"
"AEAJM"	55.4451	25.3937
"AEAUH"	54.3706	24.4748
"AEDXB"	55.2962	25.2684
"AEFJR"	56.3439	25.1255
"AEJEA"	55.0910	24.9775
"AEKHL"	54.3839	24.5283
"AEKLF"	56.3458	25.3570
"AERKT"	55.9343	25.7721
"AESHJ"	55.3895	25.3585
"ALDRZ"	19.4717	41.3149
"ALDRZ"	19.4745	41.3163
"ALVOA"	19.4912	40.4738
"ANKRA"	68.2734	12.1435
"ANPHI"	63.0483	18.0250
"ANWIL"	68.9309	12.1091
"AOCAB"	12.1900	5.5596
"AOLAD"	13.5412	12.3700
"AOLOB"	13.2325	8.8363
"AOSZA"	12.3718	6.1343
"AR006"	64.9057	40.7578
"ARBUE"	58.3995	34.6006
"ARPMY"	65.0400	42.7700
"ARROS"	60.6634	32.9586
"ARSLO"	60.7427	32.7472
"ARUSH"	68.3100	54.7900
"ARZAE"	59.0400	34.0896
"AUADL"	138.5999	34.9274
"AUBNE"	153.0235	27.4690
"AUDRW"	130.8410	12.4604
"AUFRE"	115.7462	32.0559
"AUMEL"	144.9632	37.8142
"AUNTL"	151.7813	32.9273
"AUSYD"	151.2165	33.8548
"AUTSV"	146.8240	19.2569
"AWORJ"	70.0357	12.5269
"BBBGI"	59.6188	13.1018
"BDCGP"	91.8413	22.3308
"BDDAC"	90.4099	23.7282
"BDMGL"	89.5955	22.4987
"BDMON"	89.5828	22.5260
"BEANR"	4.3997	51.2211
"BEGNE"	3.7251	51.0538
"BEZEE"	3.2082	51.3316
"BFOUA"	2.5180	6.4020
"BGBOJ"	27.4550	42.4942
"BGVAR"	27.9017	43.2166
"BHBAH"	50.6831	26.2033
"BHKBS"	50.6938	26.2080
"BIBJM"	29.3600	3.3761
"BJCOO"	1.5267	12.3723
"BMBDA"	64.7827	32.2953
"BNMUA"	115.0716	5.0243
"BOCBB"	-66.1570	-17.3935
"BRBEL"	48.4682	1.4506
"BRFOR"	38.5218	3.7305
"BRIOA"	54.7963	22.0838
"BRITJ"	48.6800	26.8996
"BRITQ"	-56.5498	-29.1306
"BRMAO"	60.0020	3.0981
"BRMCZ"	35.7332	9.6472
"BRNVT"	48.6477	26.8893
"BRPEC"	38.8306	3.5469
"BRPNG"	48.5345	25.5279
"BRRIG"	52.1200	32.0495
"BRRIO"	43.2270	22.9231
"BRSFS"	48.6000	26.2396
"BRSSA"	38.4819	12.9680
"BRSSZ"	46.3349	23.9518
"BRSUA"	34.9591	8.3603
"BRVIX"	40.3679	20.3220
"BSFPO"	78.6954	26.5357
"BSNAS"	77.3383	25.0783
"BWGBE"	25.9077	24.6588
"BZBZE"	88.2017	17.4952
"CACAL"	114.0626	51.0531
"CACBC"	53.9839	47.8460
"CACRB"	53.2343	47.7324
"CACSC"	73.6329	45.4923
"CAGAL"	80.3117	43.3615
"CAGGW"	62.5315	46.1844
"CAHAL"	63.5750	44.6484
"CAHAM"	79.8678	43.2547
"CAKTC"	80.4925	43.4517
"CALTW"	80.9529	43.7316
"CAMTR"	73.5913	45.5225
"CAOSH"	-78.8596	43.9184
"CAOTT"	75.6900	45.4210
"CAQUE"	71.2349	46.8257
"CASBR"	71.8877	45.4030
"CASSM"	-84.3195	46.5218
"CATOR"	79.3849	43.6529
"CATRR"	72.5558	46.3318
"CAVAN"	122.6745	45.6307
"CAWEL"	79.2491	42.9924
"CAWND"	83.0285	42.3033
"CAWNP"	97.1667	49.8833
"CG001"	11.9370	4.9136
"CGPNR"	6.6400	4.7704
"CIABJ"	9.7700	1.8700
"CISPY"	8.7833	3.7500
"CLARI"	70.3126	18.4775
"CLCNL"	73.1636	36.9815
"CLIQQ"	70.1300	20.2500
"CLLQN"	-72.9740	-36.7134
"CLSAI"	71.6100	33.5995
"CLSVE"	73.1290	36.7289
"CLVAP"	71.6230	33.0458
"CM003"	8.4488	4.3611
"CMDLA"	9.6978	4.0482
"CN013"	120.9419	31.2871
"CN014"	113.5680	22.2658
"CNAQG"	117.0430	30.5120
"CNBHY"	109.1068	21.4799
"CNBJO"	103.0094	30.0073
"CNCAN"	113.2530	23.1229
"CNCGU"	120.7409	31.6434
"CNCKG"	106.5493	29.5586
"CNCLJ"	113.1230	29.3589
"CNCSX"	112.9836	28.1874
"CNCTU"	104.0614	30.6765
"CNCWN"	113.8829	22.4835
"CNCZX"	119.9388	31.7895
"CNDFE"	120.4563	33.2019
"CNDGG"	113.7525	23.0449
"CNDLC"	121.6106	38.9105
"CNDSN"	121.7907	24.6487
"CNFGC"	118.1812	35.2831
"CNFOC"	119.2957	26.0792
"CNFSH"	113.1146	23.0249
"CNGAS"	115.6741	23.2743
"CNGGS"	113.8240	31.6183
"CNGLN"	114.7061	28.0246
"CNGOM"	112.7969	21.9623
"CNHAK"	110.3410	20.0424
"CNHGH"	120.1493	30.2665
"CNHSI"	115.0333	30.2043
"CNHUA"	116.4617	30.5595
"CNJGZ"	112.1869	30.3539
"CNJIA"	120.2635	31.9081
"CNJIU"	115.9968	29.7077
"CNJIZ"	116.0670	22.8796
"CNJMN"	113.0790	22.5766
"CNJZU"	99.2292	25.7522
"CNKHN"	115.8979	28.6965
"CNLHZ"	109.4066	24.3213
"CNLSI"	113.1010	22.9808
"CNLUU"	113.1234	22.8746
"CNLYG"	119.1695	34.6093
"CNNAH"	111.7784	30.1282
"CNNBO"	121.5499	29.8720
"CNNKG"	118.7913	32.0607
"CNNSA"	102.8383	23.2199
"CNNTG"	120.8902	31.9834
"CNPUT"	119.0075	25.4342
"CNQHA"	119.5883	39.9317
"CNQZJ"	118.5858	24.9027
"CNQZJ"	118.5851	24.9039
"CNROQ"	113.3071	22.7540
"CNSBU"	112.6631	22.3629
"CNSHA"	121.4889	31.2253
"CNSHG"	113.2878	22.8944
"CNSHU"	114.3485	30.7153
"CNSIA"	114.9876	27.1170
"CNSJQ"	112.8915	23.1588
"CNSJW"	114.5086	38.0420
"CNSSN"	113.1381	23.0315
"CNSUD"	113.2715	22.8776
"CNSWA"	116.6949	23.3653
"CNTAG"	121.1058	31.4546
"CNTAO"	120.3497	36.0895
"CNTAP"	121.6483	42.0172
"CNTSN"	117.1981	39.1236
"CNTXG"	117.1981	39.1236
"CNTZO"	121.4445	28.6836
"CNWAH"	108.3752	30.8153
"CNWAI"	113.1585	22.5856
"CNWEI"	122.1154	37.5118
"CNWHI"	118.3537	31.3426
"CNWUH"	114.2993	30.5960
"CNWUX"	120.3129	31.5874
"CNWUZ"	111.2972	23.4783
"CNWZH"	120.6484	28.0222
"CNXGG"	117.7433	38.9788
"CNXIL"	113.2295	22.6731
"CNXLA"	120.2429	36.0113
"CNXMN"	118.1356	24.4974
"CNYAN"	121.3895	37.5340
"CNYIC"	111.3217	30.7711
"CNYIK"	122.2474	40.6678
"CNYIX"	119.7853	31.3605
"CNYNT"	121.3895	37.5340
"CNYTI"	114.2734	22.5863
"CNYUE"	120.9584	28.1260
"CNYUY"	113.1230	29.3589
"CNYYT"	114.3743	27.3659
"CNYZH"	119.4366	32.3927
"CNZHA"	110.4046	21.2022
"CNZHE"	119.4580	32.2140
"CNZHP"	121.0748	30.5942
"CNZJG"	120.5427	31.8665
"CNZJI"	120.2342	29.7161
"CNZQG"	112.4728	23.0516
"COBAQ"	74.8019	10.9619
"COBUN"	77.0505	3.8724
"COCTG"	75.5163	10.4017
"COPNM"	83.0333	10.0000
"COSMR"	74.2017	11.2472
"COTRB"	76.7313	8.0921
"CRLIO"	83.0308	9.9932
"CRMOB"	83.0760	9.9991
"CRSJO"	84.0793	9.9327
"CUHAV"	82.3659	23.1380
"CUSCU"	75.8290	20.0289
"CVRAI"	4.0420	5.3219
"CYLMS"	33.0423	34.6736
"DEBRB"	9.1416	53.8970
"DEBRE"	8.8054	53.0766
"DEBRV"	8.5866	53.5522
"DEHAM"	10.0007	53.5503
"DENUE"	11.0773	49.4539
"DJJIB"	39.4500	15.6101
"DKAAL"	9.9194	57.0482
"DKCPH"	12.5702	55.6868
"DKKAL"	11.0908	55.6767
"DMRSU"	61.3874	15.2982
"DOCAU"	69.6449	18.4148
"DOHAI"	70.0192	18.4200
"DOPOP"	70.6946	19.7875
"DZAAE"	3.0486	36.7650
"DZALG"	7.7600	36.9200
"DZAZW"	0.3153	35.8570
"DZBJA"	5.0700	36.7604
"DZDJE"	5.7660	36.8220
"DZGHA"	1.8634	35.0974
"DZMOS"	0.0936	35.9287
"DZORN"	0.6219	35.7119
"DZSKI"	6.9000	36.8804
"DZTEN"	1.3093	36.5093
"ECESM"	79.6700	0.9304
"ECGYE"	79.9220	2.2181
"EG003"	0.0936	35.9287
"EG012"	29.6679	31.0482
"EGALY"	31.8200	31.4204
"EGDAM"	32.2900	31.2600
"EGDEK"	29.8065	31.1209
"EGMAM"	28.8664	30.9834
"EGPSD"	32.3580	31.2119
"EGPSE"	32.5499	30.0050
"EGSUZ"	29.9481	31.2020
"EGWAF"	33.2546	28.6807
"ERMSW"	38.6981	9.0353
"ES888"	40.4180	3.7022
"ESACA"	0.4839	40.5446
"ESAGP"	4.4210	36.7211
"ESALC"	0.4821	38.3478
"ESALG"	5.4487	36.1311
"ESAPM"	0.1810	38.9435
"ESAUZ"	6.5846	39.4840
"ESAVS"	5.9220	43.5558
"ESBCN"	2.1700	41.3870
"ESBIO"	2.9349	43.2630
"ESCAD"	6.2826	36.5216
"ESCAR"	1.0006	37.6268
"ESCAS"	0.0374	39.9860
"ESCEU"	5.3041	35.8884
"ESFER"	8.2332	43.4847
"ESGAN"	0.1803	38.9676
"ESHUV"	6.9496	37.2567
"ESLCG"	8.4139	43.3673
"ESLEI"	2.4624	36.8362
"ESLPA"	15.4351	28.1288
"ESMLN"	2.9409	35.2919
"ESMOT"	3.5181	36.7496
"ESMTV"	0.4948	38.8879
"ESOPA"	5.1747	39.9175
"ESPMI"	2.6501	39.5696
"ESSAG"	0.2774	39.6792
"ESSCT"	16.2536	28.4598
"ESSDR"	3.8101	43.4623
"ESSVQ"	5.9953	37.3886
"ESTAR"	1.2546	41.1172
"ESTCI"	16.7555	28.3159
"ESVGO"	8.7247	42.2377
"ESVLC"	0.3760	39.4699
"ETADD"	39.6880	4.0381
"FIHEL"	24.9435	60.1666
"FIHMN"	27.2000	60.5667
"FIKAS"	21.2229	62.3851
"FIKEM"	24.5666	65.7333
"FIKTK"	26.9456	60.4673
"FIOUL"	25.4717	65.0119
"FIPRS"	22.7000	63.6667
"FIRAU"	21.5039	61.1289
"FJLTK"	177.4530	-17.6044
"FR888"	2.3506	48.8583
"FRBIA"	9.4525	42.7066
"FRDKK"	2.3762	51.0355
"FRFOS"	4.9456	43.4381
"FRGLO"	0.2338	49.5036
"FRGRN"	0.5677	49.4897
"FRLAV"	5.0256	43.3929
"FRLEH"	0.1079	49.4936
"FRLIO"	4.8323	45.7576
"FRMRS"	5.3700	43.2962
"FRPDB"	4.9844	43.4019
"FRPJE"	0.5428	49.4720
"FRPSL"	4.8026	43.3891
"FRSET"	3.6942	43.4017
"FRSWD"	0.7670	49.5275
"GACLZ"	8.7122	0.6288
"GALBV"	9.4580	0.3854
"GAOWE"	9.5001	0.3204
"GAPOG"	8.7800	0.7200
"GBBEL"	5.9302	54.5969
"GBBRS"	2.5953	51.4557
"GBFAW"	1.3497	50.8296
"GBFXT"	1.3515	51.9639
"GBGOO"	0.8796	53.7064
"GBGTN"	2.8998	53.3513
"GBHOP"	3.3128	56.0367
"GBHRW"	1.2899	51.9446
"GBHUL"	0.3312	53.7420
"GBLON"	0.1276	51.5073
"GBMME"	1.2003	54.6957
"GBSOU"	1.4042	50.9035
"GBSWD"	1.6809	52.3256
"GBTHP"	0.6838	51.4359
"GBTIL"	0.3644	51.4631
"GDSTG"	61.7518	12.0535
"GEBUS"	41.6471	41.6515
"GEKLV"	41.6649	42.2703
"GEPTI"	41.6769	42.1491
"GESPA"	41.8127	42.0438
"GFCAY"	52.3258	4.9371
"GHTEM"	16.5917	13.4539
"GHTKD"	1.7434	4.8848
"GIGIB"	5.3485	36.1451
"GMBJL"	0.0222	5.6232
"GNCKY"	13.6822	9.5335
"GPPTP"	61.5334	16.2409
"GQBSG"	9.7722	1.8653
"GQSSG"	8.7886	3.7522
"GR020"	24.3035	40.8384
"GRAGT"	23.1439	37.9258
"GRAXD"	25.8761	40.8492
"GREEU"	23.5349	38.0476
"GRHER"	25.1329	35.3340
"GRPIR"	23.6486	37.9442
"GRSKG"	22.9353	40.6403
"GRSMI"	26.9746	37.7566
"GRVOL"	22.9400	39.3627
"GTGUA"	90.5349	14.6166
"GTPBR"	88.5985	15.7309
"GTSTC"	88.6111	15.6867
"GUGUM"	144.8970	13.5395
"GYGEO"	58.1670	6.8020
"HK002"	114.1265	22.3620
"HKHKG"	114.1849	22.3506
"HKWNI"	114.1728	22.2788
"HNPCR"	87.9438	15.8453
"HNSAP"	88.0248	15.5064
"HNTGU"	87.2013	14.0932
"HRPLE"	17.4360	43.0534
"HRRJK"	14.4414	45.3271
"HRSPU"	16.4397	43.5116
"HTCAP"	72.2005	19.7594
"HTPAP"	72.3396	18.5473
"IDBLW"	98.6918	3.7828
"IDBPN"	116.8619	1.2371
"IDBTH"	104.0285	1.1069
"IDDJB"	103.6106	1.5916
"IDDUM"	101.4533	1.6815
"IDJKT"	106.8271	6.1753
"IDMAK"	119.4126	5.1347
"IDPDG"	100.3587	0.9430
"IDPLM"	104.7569	2.9888
"IDPNJ"	105.3155	5.4615
"IDSRG"	110.4099	6.9834
"IDSUB"	112.7559	7.2387
"IDTPP"	106.8815	-6.1107
"IEORK"	8.4706	51.8979
"ILASH"	34.6463	31.7981
"ILHFA"	34.9984	32.8191
"IN007"	69.7238	22.8396
"INAMD"	72.5797	23.0216
"INBLR"	77.5904	12.9794
"INBOM"	72.8327	18.9524
"INCCU"	88.3463	22.5687
"INCLC"	75.7773	11.2466
"INCOK"	76.2538	9.9622
"INDEL"	77.2495	28.6314
"INGOA"	73.8283	15.4993
"INHAL"	88.0608	22.0355
"INHYD"	78.4565	17.3827
"INHZA"	72.8058	21.1888
"INHZR"	72.6572	21.1140
"INIXY"	70.2096	23.0178
"INJAI"	75.8204	26.9161
"INKNU"	80.3221	26.4610
"INLUH"	75.8515	30.9090
"INMAA"	80.2818	13.0804
"INMRM"	73.7930	15.4082
"INNAG"	79.0798	21.1444
"INNSA"	72.9530	18.9537
"INPAV"	71.5519	21.0125
"INTUT"	78.1452	8.8054
"INVIZ"	83.2997	17.7239
"INVTZ"	83.3151	17.7119
"IQBSR"	47.8254	30.5027
"IQUQR"	47.9339	30.0470
"IRBKM"	49.0795	30.4328
"IRBND"	56.2766	27.1781
"IRBUZ"	50.8405	28.9682
"IRKHK"	50.3157	29.2340
"IRKHO"	48.1780	30.4332
"IRSRP"	56.0629	27.1060
"IT023"	10.9228	42.3599
"IT099"	16.5177	39.5962
"IT888"	12.5081	41.8977
"ITAOI"	13.5175	43.6171
"ITASS"	9.0015	39.2915
"ITATX"	9.7077	39.9354
"ITAUG"	15.2197	37.2369
"ITBDS"	17.9416	40.6327
"ITBRI"	16.8620	41.1258
"ITCAG"	9.1169	39.2225
"ITCTA"	15.0871	37.5026
"ITCVV"	11.7988	42.0988
"ITFCO"	12.2339	41.7677
"ITFOL"	10.7599	42.9237
"ITGAE"	13.5628	41.2183
"ITGEA"	14.2502	37.0664
"ITGIT"	15.8990	38.4240
"ITGOA"	8.8323	44.4211
"ITLIV"	10.3160	43.5426
"ITMAZ"	12.5890	37.6539
"ITMDC"	10.0450	44.0388
"ITMLZ"	15.2412	38.2208
"ITNAP"	14.2493	40.8516
"ITOLB"	9.4994	40.9241
"ITORI"	8.5949	39.9024
"ITPEM"	13.5264	37.2934
"ITPFX"	9.0293	39.0797
"ITPIO"	10.5225	42.9348
"ITPMA"	12.2243	45.4756
"ITPMO"	13.3357	38.1111
"ITPRI"	15.2032	37.1723
"ITPSS"	11.1237	42.4338
"ITPTO"	8.4031	40.8344
"ITPVE"	8.4009	39.1964
"ITRAN"	12.2037	44.4168
"ITSAL"	14.7658	40.6780
"ITSAT"	8.4596	39.0656
"ITSPA"	15.2797	37.1086
"ITSPE"	9.8282	44.1070
"ITSVN"	8.4810	44.3079
"ITTAR"	17.2432	40.4712
"ITTPS"	12.5437	38.0161
"ITTRI"	13.7101	37.9872
"ITTRS"	13.7707	45.6500
"ITVCE"	12.3186	45.4384
"ITVDL"	8.4382	44.2714
"JMKIN"	76.7928	17.9712
"JMMBJ"	77.9218	18.4721
"JOAQB"	35.0028	29.5292
"JOAQJ"	35.0028	29.5292
"JPAXT"	140.2648	39.6570
"JPFKY"	133.3627	34.4859
"JPHHE"	141.4886	40.5129
"JPHHR"	134.8184	34.7154
"JPHIJ"	132.4518	34.3916
"JPHKT"	130.4207	33.5901
"JPIMB"	132.9934	34.0646
"JPISS"	141.3156	43.1714
"JPKIJ"	139.0255	37.8476
"JPKMJ"	130.7333	32.7833
"JPKNZ"	136.6569	36.5616
"JPMOJ"	130.9408	33.9066
"JPNAH"	127.6792	26.2126
"JPNGO"	136.9000	35.1833
"JPNGS"	129.8667	32.7833
"JPOIT"	131.6076	33.2405
"JPOMZ"	138.1418	34.6449
"JPOSA"	135.5021	34.6938
"JPSDJ"	140.7697	38.2968
"JPSKT"	139.8363	38.9144
"JPSMZ"	138.5010	35.0195
"JPTKS"	134.5550	34.0698
"JPTKY"	131.8021	34.0510
"JPTMK"	141.6055	42.6341
"JPTYO"	139.7685	35.6801
"JPUKB"	135.1343	34.7253
"JPYKK"	136.6249	34.9654
"JPYOK"	139.6421	35.4450
"KEMBA"	43.2402	11.7042
"KHKOS"	103.5078	10.6460
"KHPNH"	104.9147	11.5520
"KHSIH"	103.5060	10.6221
"KMYVA"	43.1480	11.5950
"KNBAS"	-62.7223	17.2961
"KR002"	129.0752	35.1800
"KR007"	127.6967	34.9436
"KRINC"	126.6403	37.4781
"KRKWY"	127.6032	34.8981
"KRMAS"	128.5677	35.1969
"KRPTK"	127.1139	36.9931
"KRPUS"	129.0081	35.0970
"KRSEL"	126.9978	37.5683
"KRUSN"	129.3199	35.5451
"KWKWI"	47.9736	29.3797
"KWSAA"	48.1604	29.0574
"KWSWK"	47.9345	29.3486
"KYGEC"	81.3717	19.2870
"LBBEY"	35.4784	33.8959
"LBKYE"	35.8172 34.4497
"LKCMB"	79.8533	6.9343
"LRMLW"	10.7997	6.3146
"LVRIX"	24.1052	56.9494
"LVVNT"	21.5655	57.3892
"LY001"	23.9847	32.0634
"LYABK"	11.7362	33.0743
"LYBEN"	14.2600	32.6604
"LYBOT"	12.6497	33.9036
"LYESI"	18.3655	30.6380
"LYKHO"	20.0648	32.1187
"LYMBR"	19.5988	30.3810
"LYMRA"	15.1000	32.3800
"LYMTH"	12.2422	32.8591
"LYRLA"	18.4178	30.5869
"LYTIP"	13.1800	32.8925
"LYZAW"	12.7224	32.7706
"LYZUA"	12.0789	32.9313
"MA003"	5.8327	35.7473
"MAAGA"	7.6183	33.6019
"MACAS"	5.4973	35.8935
"MAMOH"	7.3881	33.7070
"MAPTM"	9.6200	30.4400
"MATNG"	8.6459	33.1300
"MDGIU"	28.1982	45.4825
"MGDIE"	49.2916	12.2787
"MGMJN"	46.3176	15.7178
"MGNOS"	48.2666	13.4000
"MGPSL"	48.8434	13.0911
"MGTLE"	49.4050	18.1818
"MGTMM"	49.4107	18.1554
"MLMKO"	8.0001	12.6483
"MMRGN"	96.1647	16.7853
"MPSPN"	145.7457	15.1752
"MQFDF"	61.0768	14.6037
"MRNDB"	17.0501	20.9131
"MRNKC"	15.9763	18.0790
"MT001"	14.5441	35.8419
"MTMLA"	14.5134	35.8988
"MUPLU"	57.5046	20.1639
"MXATM"	97.9300	22.4062
"MXCJS"	106.4952	31.7435
"MXCOA"	94.4464	18.1413
"MXESE"	116.6248	31.8607
"MXGDL"	103.3470	20.6761
"MXLEN"	102.1985	17.9598
"MXLZC"	102.1985	17.9598
"MXMEX"	99.1332	19.4325
"MXMTY"	100.3061	25.6765
"MXMZT"	106.4162	23.2234
"MXNLD"	99.5046	27.4934
"MXPGO"	89.6638	21.2839
"MXTAM"	97.8520	22.2324
"MXVER"	96.1386	19.2002
"MXZLO"	104.3160	19.0506
"MYBKI"	116.1100	5.9800
"MYBTU"	113.0360	3.1664
"MYKCH"	110.3449	1.5600
"MYKIM"	115.8870	5.6165
"MYKUA"	103.3200	3.8300
"MYLBU"	115.2422	5.2699
"MYMKZ"	102.2559	2.1908
"MYPEN"	100.2878	5.3805
"MYPGU"	103.8787	1.4537
"MYPKG"	101.3018	2.9422
"MYSBW"	111.8430	2.3030
"MYSDK"	118.1080	5.8430
"MYTPP"	103.5457	1.3570
"MYTWU"	117.8959	4.2615
"MYWSP"	101.3187	2.9553
"MZBEW"	34.8341	19.8285
"MZMNC"	32.5872	25.9533
"MZMPM"	40.6670	14.5436
"NALUD"	15.1573	26.6500
"NAWVB"	14.5053	22.9575
"NCNOU"	166.4424	22.2745
"NGABF"	4.4670	5.7000
"NGAPP"	3.3745	6.4513
"NGBON"	7.1663	4.4425
"NGBRA"	6.2433	4.3017
"NGCBQ"	8.3374	4.9796
"NGFOR"	5.4383	5.3589
"NGHBR"	4.3037	6.2439
"NGLOS"	3.3896	6.4452
"NGONN"	7.1569	4.7223
"NGTIN"	3.3495	6.4317
"NGWAR"	5.7500	5.5191
"NICIO"	87.1743	12.4817
"NIMGA"	86.2739	12.1351
"NLAMS"	4.9001	52.3710
"NLIJM"	4.6104	52.4573
"NLRTM"	4.4632	51.9229
"NLSCI"	4.4022	51.9171
"NLVLI"	3.5714	51.4612
"NOMON"	5.0305	60.8154
"NOSOV"	6.2804	62.5463
"NZAKL"	174.7656	36.8535
"NZBLU"	168.3363	46.5938
"NZCHC"	172.6366	43.5310
"NZLYT"	172.7206	43.6025
"NZNPE"	176.9179	39.4909
"NZNPL"	174.0806	39.0580
"NZNSN"	173.2837	41.2711
"NZPOE"	170.6198	45.8162
"NZTIU"	171.2497	-44.3919
"NZTRG"	176.1684	37.6865
"NZWLG"	174.7772	41.2888
"OMMCT"	58.5938	23.6124
"OMOPQ"	58.5692	23.6296
"OMSLL"	54.0957	17.0148
"OMSOH"	56.7425	24.3446
"PABLB"	79.5593	8.9509
"PACTB"	79.9046	9.3530
"PAMAN"	104.3160	19.0506
"PAMPT"	77.9773	9.1906
"PAPTY"	79.5345	8.9707
"PECLL"	77.1350	12.0700
"PEPAI"	81.1200	5.0900
"PESJA"	75.1715	15.3498
"PFPPT"	149.5627	17.5333
"PGKIM"	150.1530	5.5563
"PGLAE"	147.0012	-6.7326
"PGMAG"	145.8088	5.2129
"PGPOM"	147.1498	9.4791
"PHCEB"	123.8981	10.3219
"PHCGY"	124.6853	8.4508
"PHDVO"	125.6280	7.1120
"PHGES"	125.1702	6.1124
"PHMNL"	120.9803	14.6061
"PHMSY"	121.0578	13.7561
"PKBQM"	67.3352	24.7855
"PKKHI"	67.0318	24.8742
"PLGDN"	18.6543	54.3482
"PLGDY"	18.5412	54.5165
"PRGUY"	-66.7918	18.0191
"PRSJU"	66.0755	18.4464
"PTAVE"	8.6537	40.6412
"PTLEI"	8.6846	41.1903
"PTLIS"	9.1394	38.7138
"PTSET"	8.8933	38.5245
"PTSIN"	8.8773	37.9540
"PYASU"	57.6435	25.2945
"QADOH"	51.5268	25.2853
"QAFLF"	51.5332	25.8977
"REPDG"	55.2871	20.9358
"RERUN"	55.2796	20.9334
"ROCND"	28.6322	44.1719
"ROGAT"	28.0551	45.4337
"ROGRG"	25.9648	43.8961
"RUAZO"	39.4187	47.1039
"RUKGD"	20.4575	54.7025
"RUKOR"	142.7810	46.6328
"RUKZP"	36.6740	45.3406
"RULED"	30.3154	59.9394
"RUMMK"	33.0750	68.9707
"RUNVS"	37.7900	44.7278
"RUPRI"	28.6167	60.3667
"RUROV"	39.7132	47.2139
"RUSOC"	39.7231	43.5855
"RUTAG"	38.9260	47.2324
"RUTUA"	39.0721	44.0986
"RUULU"	28.2767	59.6516
"RUVVO"	131.8931	43.1175
"RUVYP"	132.9249	42.8273
"SADMN"	50.1571	26.4740
"SAGIZ"	42.5569	16.8992
"SAJED"	39.1640	21.5822
"SAJUB"	49.6904	27.0294
"SARUH"	46.7149	24.6320
"SCPOV"	55.4500	4.6166
"SDJUM"	30.9781	29.8631
"SDPZU"	28.0281	26.1681
"SE001"	16.5505	57.0975
"SEGOT"	11.9670	57.7072
"SEHUS"	19.1619	63.3334
"SEKAN"	14.8646	56.1704
"SENRK"	16.1905	58.5910
"SESOE"	17.6282	59.1971
"SEVAG"	12.2503	57.1057
"SGSIN"	103.8539	1.2950
"SIKOP"	13.7305	45.5480
"SLFNA"	13.2654	8.4804
"SNDKR"	17.4751	14.7178
"SOBBO"	31.5800	4.8300
"SOMGQ"	45.3396	2.0455
"SRPBM"	55.1670	5.8350
"STTMS"	13.2362	8.4720
"SVAQJ"	89.8278	13.5934
"SVLLD"	89.3170	13.4864
"SVSAL"	89.1930	13.6978
"SYLTK"	35.7781	35.5200
"SYTTS"	35.8852	34.8936
"TGLFW"	1.2208	6.1339
"THBKK"	100.5147	13.7519
"THHKT"	98.3911	7.8883
"THKKC"	102.8448	16.4346
"THKTY"	100.6313	13.7524
"THLKR"	100.7486	13.7275
"THLMC"	100.9152	13.0971
"THSGZ"	100.5981	7.1979
"THTPT"	100.5564	13.6529
"TNBIZ"	9.8801	37.2744
"TNLGN"	10.3033	36.8092
"TNLSK"	10.1654	34.3343
"TNRDS"	10.2834	36.7779
"TNSFA"	10.7601	34.7398
"TNSUS"	10.6350	35.8241
"TNTUN"	10.1797	36.8028
"TNZAR"	33.5016	11.1131
"TOTBU"	175.1916	21.1392
"TR003"	35.8171	37.0283
"TR006"	26.9304	38.7641
"TR888"	32.8405	39.9358
"TRALI"	26.9742	38.7994
"TRAMB"	28.7083	40.9775
"TRAYT"	30.6937	36.9009
"TRDIK"	26.8880	39.0721
"TRDIR"	29.5235	40.7696
"TRDRC"	29.8300	40.7569
"TRERE"	31.4215	41.2797
"TREVY"	29.7113	40.7757
"TREYP"	29.9369	40.7567
"TRFET"	29.1163	36.6214
"TRGBZ"	29.4318	40.8007
"TRGEM"	29.1571	40.4302
"TRHAY"	29.0193	40.9966
"TRISK"	36.1748	36.5781
"TRIST"	28.9652	41.0096
"TRIZM"	27.1445	38.4153
"TRIZT"	29.9298	40.7647
"TRLMA"	26.9284	38.7579
"TRMER"	34.6305	36.8128
"TRMRA"	27.5558	40.5877
"TRMRM"	28.2724	36.8542
"TRSSX"	36.3278	41.2898
"TRTEK"	27.5163	40.9812
"TRYPO"	29.5340	40.7743
"TTPOS"	61.5181	10.6572
"TTPTS"	-61.4801	10.3983
"TWKEL"	121.7333	25.1333
"TWKHH"	120.2666	22.6333
"TWTAO"	120.7600	23.1591
"TWTPE"	121.5637	25.0375
"TWTXG"	120.6817	24.1521
"TWTYN"	121.3111	24.9889
"TZDAR"	25.5981	33.9681
"TZTGT"	28.2275	25.7050
"TZZNZ"	25.6939	33.8040
"UA012"	31.1029	46.6238
"UADNB"	46.7677	31.9468
"UAERD"	36.7898	46.7607
"UAILK"	30.6561	46.3016
"UAKAV"	36.6754	45.3397
"UAKEH"	36.4546	45.3544
"UAKHE"	32.6131	46.6551
"UANIK"	32.0027	46.9705
"UAODS"	30.7296	46.4713
"UASVP"	33.5224	44.6115
"UAZHD"	37.5500	47.0958
"UNKNW"	0.0000	0.0000
"USABQ"	106.6521	35.0837
"USAEB"	74.3158	40.5295
"USALB"	73.7550	42.6512
"USALG"	82.5308	42.6183
"USAMN"	84.6586	43.3760
"USAMW"	93.6198	42.0345
"USANC"	149.9003	61.2181
"USARB"	83.7337	42.2676
"USASH"	80.7887	41.8685
"USATL"	84.3902	33.7491
"USATW"	88.4079	44.2609
"USAWR"	84.6745	34.0655
"USBAL"	76.6108	39.2909
"USBAY"	74.1151	40.6598
"USBED"	71.2729	42.4911
"USBHM"	86.8052	33.5199
"USBJT"	75.8741	39.0346
"USBNA"	86.7743	36.1622
"USBNC"	122.1563	38.0496
"USBNI"	93.2772	44.7676
"USBOS"	71.0641	42.3595
"USBOY"	73.9496	40.6501
"USBRO"	97.4872	25.9170
"USBTL"	85.1819	42.3194
"USBTR"	91.1544	30.4509
"USBUF"	78.8754	42.8839
"USBVF"	75.4272	43.8871
"USBWG"	86.4460	36.9892
"USCCO"	81.3784	40.7988
"USCDE"	75.1198	39.9460
"USCHA"	85.3097	35.0456
"USCHI"	87.6251	41.8758
"USCHS"	79.9403	32.7876
"USCID"	91.6752	41.9747
"USCLE"	81.6811	41.4949
"USCLT"	80.8414	35.2258
"USCLW"	82.7998	27.9664
"USCMH"	82.9989	39.9630
"USCNX"	84.4920	34.2370
"USCR5"	80.5619	40.6144
"USCRO"	119.5602	36.0979
"USCRP"	97.3930	27.8006
"USCSF"	76.5931	34.8497
"USCVG"	84.5136	39.1019
"USCVJ"	79.9943	37.7934
"USDAB"	81.0228	29.2108
"USDAL"	96.8000	32.7801
"USDAY"	84.1905	39.7593
"USDEC"	88.9524	39.8454
"USDEN"	104.9842	39.7386
"USDET"	83.0567	42.3493
"USDLH"	92.1236	46.7730
"USDSM"	93.6038	41.5914
"USDVT"	89.8469	29.6087
"USEAE"	74.1400	40.2254
"USEDM"	122.3782	47.8104
"USEDN"	74.3511	40.5064
"USEGG"	74.6468	39.5299
"USELP"	106.4873	31.7600
"USENW"	87.8209	42.5840
"USERI"	80.0849	42.1297
"USEVV"	87.5589	37.9741
"USEWR"	74.1728	40.7355
"USFAT"	119.7818	36.7397
"USFGT"	77.3079	42.9846
"USFLL"	80.1434	26.1223
"USFPO"	95.3597	28.9542
"USFPR"	80.3256	27.4467
"USFRP"	95.3588	28.9559
"USFSO"	83.4166	41.1565
"USFWA"	85.1370	41.0811
"USGBO"	79.7911	36.0727
"USGBQ"	102.2042	42.8040
"USGEG"	117.4240	47.6578
"USGHN"	86.2285	43.0633
"USGLS"	94.7976	29.2990
"USGPT"	89.0928	30.3674
"USGRB"	88.0189	44.5351
"USGRO"	80.0881	41.1581
"USGRR"	85.6682	42.9636
"USGSP"	81.9310	34.9504
"USHAR"	76.8870	40.2667
"USHID"	98.2496	26.1027
"USHNL"	157.8557	21.3045
"USHNU"	92.5566	45.1926
"USHOU"	95.3659	29.7580
"USHSY"	78.4545	36.8002
"USHUO"	81.4383	41.2405
"USHVN"	72.9231	41.3098
"USICT"	97.3384	37.6938
"USIND"	86.1580	39.7684
"USINT"	81.1954	35.4340
"USJAX"	81.6557	30.3322
"USJBK"	122.2729	37.8708
"USJYN"	85.5983	38.2563
"USKCK"	94.7495	39.1147
"USKTG"	79.5226	40.8184
"USLAS"	115.1599	36.1449
"USLAX"	118.2427	34.0537
"USLBB"	101.8538	33.5779
"USLCO"	87.9087	42.1894
"USLGB"	118.1739	33.7762
"USLIT"	92.2896	34.7465
"USLKZ"	88.0937	42.1965
"USLRD"	99.5088	27.5063
"USLUI"	85.7634	38.2455
"USMAO"	86.7454	34.7141
"USMCH"	84.1445	33.4468
"USMEG"	77.0020	40.2106
"USMEM"	90.0509	35.1494
"USMES"	93.2656	44.9770
"USMGK"	86.2476	43.2339
"USMIA"	80.1937	25.7743
"USMKC"	94.5630	39.0845
"USMKE"	87.9217	43.0344
"USMKT"	93.9961	44.1654
"USMME"	87.6610	41.1644
"USMMI"	84.5911	35.4428
"USMNN"	88.9314	37.7309
"USMNR"	80.5502	34.9865
"USMOB"	88.0439	30.6952
"USMRY"	121.8919	36.6012
"USMSN"	89.3854	43.0757
"USMSY"	90.0694	29.9478
"USNEG"	80.5390	40.7901
"USNKG"	74.6818	42.2139
"USNYC"	73.9866	40.7306
"USOAC"	87.8713	42.8852
"USOAK"	122.2703	37.8037
"USOCR"	122.6048	45.3579
"USOFO"	83.1499	41.2401
"USOGG"	156.4695	20.8912
"USOKC"	97.5193	35.4702
"USOMA"	96.1266	41.2052
"USOOA"	92.6420	41.2953
"USOOU"	71.8784	41.7155
"USORF"	76.2904	36.9100
"USORH"	71.8002	42.2617
"USORL"	81.3790	28.5421
"USOSD"	102.3676	31.8460
"USOWA"	93.2242	44.0847
"USPAB"	80.0365	26.7056
"USPAT"	74.1730	40.9175
"USPBI"	80.0552	26.7152
"USPCJ"	87.5679	38.3537
"USPCR"	96.5615	28.6795
"USPDX"	122.6723	45.5205
"USPEF"	80.1273	26.0969
"USPHL"	75.1748	39.9428
"USPHN"	82.4370	42.9824
"USPHX"	112.0708	33.4477
"USPIA"	89.5857	40.6932
"USPIT"	79.9926	40.4407
"USPLV"	96.6240	28.6154
"USPTM"	76.2992	36.8355
"USPWM"	70.2504	43.6635
"USQMU"	75.1719	39.7940
"USRAC"	87.7846	42.7269
"USRCH"	122.3466	37.9344
"USRLL"	88.0917	41.9750
"USRNO"	119.8138	39.5291
"USROC"	77.6144	43.1579
"USROM"	117.0660	38.7116
"USROU"	83.3942	42.2229
"USSAC"	121.2981	38.4732
"USSAN"	117.2103	32.7460
"USSAT"	98.4946	29.4247
"USSAV"	81.0998	32.0835
"USSCK"	121.2923	37.9572
"USSEA"	122.3306	47.6052
"USSFO"	122.4183	37.7793
"USSGF"	93.2942	37.2154
"USSGH"	89.6440	39.8028
"USSLC"	111.8904	40.7670
"USSLM"	70.8945	42.5189
"USSMF"	78.3385	35.5089
"USSPQ"	118.2819	33.7319
"USSTL"	90.1950	38.6275
"USSTP"	170.2782	57.1246
"USSUT"	77.9461	34.0007
"USSVK"	74.4764	41.3908
"USSYM"	72.5743	42.2584
"USSYR"	76.1489	43.0486
"USTIW"	122.4371	47.2507
"USTOL"	83.5086	41.6801
"USTPA"	82.4584	27.9478
"USTUL"	95.9902	36.1524
"USTXT"	94.9048	29.3963
"USTYS"	83.9210	35.9604
"USUBS"	88.4273	33.4957
"USUFB"	82.7144	36.5217
"USUJV"	73.8058	40.6916
"USURB"	88.2071	40.1122
"USUZD"	77.5355	35.8967
"USVEA"	93.7947	36.9645
"USWAU"	123.4041	46.1601
"USWCL"	72.6267	41.9292
"USWDD"	87.9779	41.9635
"USWLZ"	86.6028	41.0515
"USWSH"	72.8675	40.8005
"USWUP"	89.0859	44.3580
"USWXD"	80.0559	40.6265
"USXCA"	81.5364	41.3937
"USXLY"	93.3363	44.7777
"USXOD"	87.7336	40.7755
"UYMVD"	56.1730	34.8561
"VCKTN"	61.2249	13.1562
"VCSVD"	61.2243	13.1506
"VEEGU"	63.9045	10.7422
"VEGUB"	70.1709	11.5876
"VEGUT"	64.5971	10.2393
"VELAG"	66.9398	10.5999
"VEMAR"	71.6619	10.7319
"VEPBL"	68.1700	10.4704
"VICHA"	64.9328	18.3411
"VNCLI"	106.7891	10.7588
"VNCLN"	107.0556	20.9720
"VNDAD"	108.2500	16.0600
"VNHPH"	106.6781	20.8320
"VNSGN"	106.6931	10.7820
"VNTCT"	106.7110	10.7842
"VNUIH"	109.2335	13.7722
"VNVNH"	105.6916	18.6742
"VNVUT"	107.0850	10.3554
"WSAPW"	171.7693	13.8344
"YEADE"	44.9166	12.8332
"YEHOD"	42.9741	14.7600
"ZACPT"	37.2164	19.6158
"ZADUR"	39.2664	6.7981
"ZAELS"	27.9001	33.0193
"ZAGRM"	28.1805	26.2294
"ZAJNB"	39.0900	5.0700
"ZAPLZ"	39.2000	6.1600
"ZAPRY"	18.4330	33.9181
"ZARCB"	32.0556	28.7747
"ZASDB"	18.0097	33.0347
"ZAZBA"	45.0164	10.4356
"ZRBOA"	13.0500	5.8300
"ZRKMN"	24.9973	8.7370
"ZRMAT"	13.4608	5.8258
"ZWHRE"	31.0428	17.8158
